title,type,release_year,rating,listed_in,favorite
Kota Factory,TV Show,2021,,"International TV Shows, Romantic TV Shows, TV Comedies",False
Chhota Bheem,TV Show,2021,,Kids' TV,False
Shikara,Movie,2020,,"Dramas, International Movies, Romantic Movies",False
Thimmarusu,Movie,2021,,"Dramas, International Movies",False
Pahuna,Movie,2018,,"Comedies, Dramas, International Movies",False
The Creative Indians,TV Show,2020,,"Docuseries, International TV Shows",False
Navarasa,TV Show,2021,,TV Shows,False
Har Kisse Ke Hisse: Kaamyaab,Movie,2020,,"Dramas, International Movies",False
Truckbhar Swapna,Movie,2018,,"Comedies, Dramas, International Movies",False
Haseen Dillruba,Movie,2021,,"International Movies, Romantic Movies, Thrillers",False
Sarbath,Movie,2021,,"Comedies, Dramas, International Movies",False
Skater Girl,Movie,2021,,"Children & Family Movies, Dramas, International Movies",False
99 Songs,Movie,2021,,"Dramas, International Movies, Music & Musicals",False
Sardar Ka Grandson,Movie,2021,,"Comedies, Dramas, International Movies",False
Ahaan,Movie,2021,,"Dramas, Independent Movies, International Movies",False
Alma Matters,TV Show,2021,,"Docuseries, International TV Shows",False
Cinema Bandi,Movie,2021,,"Comedies, Independent Movies, International Movies",False
Tottaa Pataaka Item Maal,Movie,2018,,"Dramas, Independent Movies, International Movies",False
Nayattu,Movie,2021,,"Dramas, International Movies, Thrillers",False
Milestone,Movie,2021,,"Dramas, Independent Movies, International Movies",False
Time to Dance,Movie,2020,,"Dramas, International Movies, Romantic Movies",False
Lava Ka Dhaava,TV Show,2021,,Reality TV,False
The Disciple,Movie,2021,,"Dramas, Independent Movies, International Movies",False
One,Movie,2020,,"Dramas, International Movies",False
Ram Prasad Ki Tehrvi,Movie,2019,,"Dramas, Independent Movies, International Movies",False
Searching For Sheela,Movie,2021,,"Documentaries, International Movies",False
Ajeeb Daastaans,Movie,2021,,"Dramas, Independent Movies, International Movies",False
Tuesdays & Fridays,Movie,2021,,"Comedies, Dramas, International Movies",False
Indian Matchmaking,TV Show,2020,,"Reality TV, Romantic TV Shows",False
Uppena,Movie,2020,,"Dramas, International Movies, Romantic Movies",False
My Love: Six Stories of True Love,TV Show,2021,,Docuseries,False
Roohi,Movie,2021,,"Comedies, Horror Movies, International Movies",False
The Big Day,TV Show,2021,,"International TV Shows, Reality TV, Romantic TV Shows",False
Mandela,Movie,2021,,"Comedies, Dramas, International Movies",False
Irul,Movie,2021,,"International Movies, Thrillers",False
Madam Chief Minister,Movie,2020,,"Dramas, International Movies",False
Pagglait,Movie,2021,,"Comedies, Dramas, International Movies",False
C/O Kaadhal,Movie,2021,,"Dramas, International Movies, Romantic Movies",False
Bombay Begums,TV Show,2021,,"International TV Shows, TV Dramas",False
Bombay Rose,Movie,2021,,"Dramas, Independent Movies, International Movies",False
Aelay,Movie,2021,,"Comedies, Dramas, Independent Movies",False
Indoo Ki Jawani,Movie,2020,,"Action & Adventure, Comedies, International Movies",False
The Girl on the Train,Movie,2021,,"International Movies, Thrillers",False
Red,Movie,2021,,"Dramas, International Movies",False
Zindagi in Short,TV Show,2020,,"International TV Shows, TV Dramas",False
Love,Movie,2020,,"Dramas, Independent Movies, International Movies",False
Pitta Kathalu,TV Show,2021,,"International TV Shows, TV Dramas",False
Eeb Allay Ooo!,Movie,2019,,"Comedies, Dramas, Independent Movies",False
Mundina Nildana,Movie,2019,,"Dramas, International Movies, Romantic Movies",False
Kilometers and Kilometers,Movie,2020,,"Comedies, Dramas, Independent Movies",False
The White Tiger,Movie,2021,,Dramas,False
Tribhanga - Tedhi Medhi Crazy,Movie,2021,,"Dramas, International Movies",False
Is Love Enough? Sir,Movie,2018,,"Dramas, Independent Movies, International Movies",False
Mighty Little Bheem: Kite Festival,TV Show,2021,,"Kids' TV, TV Comedies",False
Regiment Diaries,TV Show,2020,,"Docuseries, International TV Shows",False
AK vs AK,Movie,2020,,"Comedies, Dramas, International Movies",False
Paava Kadhaigal,TV Show,2020,,"International TV Shows, TV Dramas",False
Vir Das: Outside In - The Lockdown Special,Movie,2020,,Stand-Up Comedy,False
Torbaaz,Movie,2020,,"Dramas, International Movies, Sports Movies",False
Bhaag Beanie Bhaag,TV Show,2020,,"International TV Shows, Romantic TV Shows, TV Comedies",False
Fabulous Lives of Bollywood Wives,TV Show,2020,,"International TV Shows, Reality TV",False
Andhakaaram,Movie,2020,,"Horror Movies, International Movies, Thrillers",False
Mismatched,TV Show,2020,,"International TV Shows, Romantic TV Shows, TV Comedies",False
Fukrey Boyzzz: Space Mein Fukrapanti,Movie,2020,,"Children & Family Movies, Comedies",False
Ludo,Movie,2020,,"Comedies, Dramas, International Movies",False
Miss India,Movie,2020,,"Dramas, International Movies",False
Kaali Khuhi,Movie,2020,,"Horror Movies, International Movies",False
The Trial of the Chicago 7,Movie,2020,,Dramas,False
Rooting for Roona,Movie,2020,,"Documentaries, International Movies",False
Ginny Weds Sunny,Movie,2020,,"Comedies, International Movies, Romantic Movies",False
Bad Boy Billionaires: India,TV Show,2020,,"British TV Shows, Docuseries, International TV Shows",False
Serious Men,Movie,2020,,"Comedies, Dramas, International Movies",False
Dolly Kitty Aur Woh Chamakte Sitare,Movie,2020,,"Dramas, Independent Movies, International Movies",False
Aapla Manus,Movie,2018,,"Dramas, International Movies, Thrillers",False
Ani... Dr. Kashinath Ghanekar,Movie,2018,,"Dramas, International Movies",False
Bhai: Vyakti Ki Valli - Poorvardha,Movie,2019,,"Dramas, International Movies",False
Bhai: Vyakti Ki Valli - Uttarardh,Movie,2019,,"Dramas, International Movies",False
Cycle,Movie,2018,,"Comedies, Dramas, International Movies",False
Kaagar,Movie,2019,,"Dramas, International Movies, Romantic Movies",False
Cargo,Movie,2020,,"Comedies, Dramas, Independent Movies",False
Maniyarayile Ashokan,Movie,2020,,"Comedies, International Movies, Romantic Movies",False
Masaba Masaba,TV Show,2020,,"International TV Shows, TV Comedies, TV Dramas",False
Class of '83,Movie,2020,,"Dramas, International Movies, Thrillers",False
Gunjan Saxena: The Kargil Girl,Movie,2020,,"Action & Adventure, Dramas, International Movies",False
Raat Akeli Hai,Movie,2020,,"Dramas, International Movies, Thrillers",False
Uma Maheswara Ugra Roopasya,Movie,2020,,"Comedies, Dramas, Independent Movies",False
Door Ke Darshan,Movie,2020,,"Comedies, International Movies",False
Penalty,Movie,2019,,"Dramas, Independent Movies, International Movies",False
Little Singham,TV Show,2020,,"Kids' TV, TV Comedies",False
Seven (Tamil),Movie,2019,,"Dramas, International Movies, Romantic Movies",False
Thackeray (Hindi),Movie,2019,,"Dramas, International Movies",False
Krishna and His Leela,Movie,2020,,"International Movies, Romantic Movies",False
Bulbbul,Movie,2020,,"Horror Movies, International Movies",False
Kappela,Movie,2020,,"Dramas, Independent Movies, International Movies",False
Chaman Bahaar,Movie,2020,,"Comedies, Dramas, International Movies",False
Asura Guru,Movie,2020,,"Dramas, International Movies",False
Axone,Movie,2020,,"Comedies, Dramas, Independent Movies",False
Forensic,Movie,2020,,"International Movies, Thrillers",False
Project Papa,Movie,2018,,"Dramas, Independent Movies, International Movies",False
Choked: Paisa Bolta Hai,Movie,2020,,"Dramas, International Movies",False
Chippa,Movie,2020,,"Comedies, Dramas, Independent Movies",False
Kenny Sebastian: The Most Interesting Person in the Room,Movie,2020,,Stand-Up Comedy,False
Betaal,TV Show,2020,,"International TV Shows, TV Action & Adventure, TV Horror",False
What Are the Odds?,Movie,2020,,"Comedies, Dramas, Independent Movies",False
Malang,Movie,2020,,"Action & Adventure, International Movies, Romantic Movies",False
Arctic Dogs,Movie,2019,,"Children & Family Movies, Comedies",False
One Day: Justice Delivered,Movie,2019,,"Dramas, International Movies",False
Mrs. Serial Killer,Movie,2020,,"International Movies, Thrillers",False
Psycho,Movie,2020,,"Horror Movies, International Movies, Thrillers",False
R.K.Nagar,Movie,2019,,"Action & Adventure, Comedies, Dramas",False
Love Aaj Kal,Movie,2020,,"Dramas, International Movies, Romantic Movies",False
The Lift Boy,Movie,2020,,"Dramas, Independent Movies, International Movies",False
Bheeshma,Movie,2020,,"Action & Adventure, Comedies, International Movies",False
Kolaiyuthir Kaalam,Movie,2019,,"International Movies, Thrillers",False
"Yours Sincerely, Kanan Gill",Movie,2020,,Stand-Up Comedy,False
Varane Avashyamund,Movie,2020,,"Comedies, Dramas, International Movies",False
ChuChu TV Nursery Rhymes & Kids Songs (Hindi),TV Show,2019,,Kids' TV,False
Hasmukh,TV Show,2020,,"Crime TV Shows, International TV Shows, TV Comedies",False
Mischief,Movie,2019,,"Comedies, Dramas, Independent Movies",False
World Famous Lover,Movie,2020,,"Dramas, International Movies, Romantic Movies",False
SETHUM AAYIRAM PON,Movie,2020,,"Dramas, Independent Movies, International Movies",False
A truthful Mother,Movie,2020,,Children & Family Movies,False
Akbar Birbal,TV Show,2019,,"Kids' TV, TV Comedies, TV Dramas",False
Paharganj,Movie,2019,,"Dramas, Independent Movies, International Movies",False
Kannum Kannum Kollaiyadithaal,Movie,2020,,"Comedies, Dramas, International Movies",False
Ladies Up,TV Show,2019,,"International TV Shows, Stand-Up Comedy & Talk Shows, TV Comedies",False
Maska,Movie,2020,,"Comedies, Dramas, International Movies",False
She,TV Show,2020,,"Crime TV Shows, International TV Shows, TV Dramas",False
Bypass Road,Movie,2019,,"International Movies, Thrillers",False
Jai Mummy Di,Movie,2020,,"Comedies, International Movies, Romantic Movies",False
Guilty,Movie,2020,,"Dramas, International Movies",False
Mighty Little Bheem: Festival of Colors,TV Show,2020,,"Kids' TV, TV Comedies",False
The Last Bomb of the Second World War,Movie,2019,,"Dramas, Independent Movies, International Movies",False
Bhangra Paa Le,Movie,2019,,"Comedies, Dramas, International Movies",False
Amit Tandon: Family Tandoncies,Movie,2019,,Stand-Up Comedy,False
Ala Vaikunthapurramuloo,Movie,2020,,"Action & Adventure, Comedies, Dramas",False
The Body,Movie,2019,,"International Movies, Thrillers",False
Yeh Ballet,Movie,2020,,"Dramas, International Movies",False
Panipat - The Great Betrayal,Movie,2019,,"Dramas, International Movies, Romantic Movies",False
Taj Mahal 1989,TV Show,2020,,"International TV Shows, Romantic TV Shows, TV Comedies",False
Thottappan,Movie,2019,,"Comedies, Dramas, International Movies",False
Jada,Movie,2019,,"Dramas, International Movies, Sports Movies",False
Thambi,Movie,2019,,"International Movies, Thrillers",False
Shimla Mirchi,Movie,2020,,"Comedies, International Movies, Romantic Movies",False
Sillu Karuppatti,Movie,2019,,"Comedies, Dramas, Independent Movies",False
Vir Das: For India,Movie,2020,,Stand-Up Comedy,False
KD (A) Karuppudurai,Movie,2019,,"Comedies, Dramas, Independent Movies",False
Motichoor Chaknachoor,Movie,2019,,"Comedies, Dramas, International Movies",False
Bulbul Can Sing,Movie,2018,,"Dramas, Independent Movies, International Movies",False
Made in China,Movie,2019,,"Comedies, Dramas, International Movies",False
Jamtara - Sabka Number Ayega,TV Show,2020,,"Crime TV Shows, International TV Shows, TV Dramas",False
Ghost Stories,Movie,2020,,"Horror Movies, International Movies, Thrillers",False
Aaviri,Movie,2019,,"Horror Movies, International Movies, Thrillers",False
Albert Pinto Ko Gussa Kyun Aata Hai?,Movie,2019,,"Dramas, Independent Movies, International Movies",False
The Sky Is Pink,Movie,2019,,"Dramas, International Movies",False
Saaho,Movie,2019,,"Action & Adventure, International Movies",False
Baby Dolls,Movie,2019,,"Comedies, International Movies, Romantic Movies",False
High End Yaariyan,Movie,2019,,"Comedies, International Movies, Romantic Movies",False
Qismat,Movie,2018,,"Dramas, International Movies, Romantic Movies",False
The Zoya Factor,Movie,2019,,"Comedies, Dramas, International Movies",False
Evvarikee Cheppoddu,Movie,2019,,"Comedies, International Movies, Romantic Movies",False
Pranaam,Movie,2019,,"Action & Adventure, Dramas, International Movies",False
Dorasaani,Movie,2019,,"Dramas, International Movies, Romantic Movies",False
Mallesham,Movie,2019,,"Dramas, Independent Movies, International Movies",False
Guna 369,Movie,2019,,"Action & Adventure, Dramas, International Movies",False
House Arrest,Movie,2019,,"Comedies, Independent Movies, International Movies",False
SunGanges,Movie,2018,,"Documentaries, International Movies",False
Little Things,TV Show,2019,,"International TV Shows, Romantic TV Shows, TV Comedies",False
Oththa Seruppu Size 7,Movie,2019,,"Dramas, International Movies, Thrillers",False
Drive,Movie,2019,,"Action & Adventure, International Movies",False
Mehandi Circus,Movie,2019,,"Dramas, International Movies, Romantic Movies",False
Mighty Little Bheem: Diwali,TV Show,2019,,"Kids' TV, TV Comedies",False
Upstarts,Movie,2019,,"Comedies, Dramas, International Movies",False
Noblemen,Movie,2019,,"Dramas, Independent Movies, International Movies",False
College Romance,TV Show,2018,,"International TV Shows, Romantic TV Shows, TV Comedies",False
Engineering Girls,TV Show,2018,,"International TV Shows, TV Comedies",False
Girls Hostel,TV Show,2018,,"International TV Shows, TV Comedies, TV Dramas",False
Bard of Blood,TV Show,2019,,"International TV Shows, TV Action & Adventure, TV Dramas",False
Malaal,Movie,2019,,"Dramas, International Movies, Romantic Movies",False
Manmadhudu 2,Movie,2019,,"Comedies, Dramas, International Movies",False
Kabir Singh,Movie,2019,,"Dramas, International Movies, Romantic Movies",False
Oh! Baby,Movie,2019,,"Comedies, International Movies, Music & Musicals",False
Article 15,Movie,2019,,"Dramas, International Movies, Thrillers",False
Care of Kancharapalem,Movie,2018,,"Comedies, Dramas, Independent Movies",False
Ee Nagaraniki Emaindi,Movie,2018,,"Comedies, Independent Movies, International Movies",False
Watchman,Movie,2019,,"Comedies, Dramas, International Movies",False
Kaake Da Viyah,Movie,2019,,"Comedies, Dramas, International Movies",False
Marriage Palace,Movie,2018,,"Comedies, International Movies",False
Saavat,Movie,2019,,"Dramas, Independent Movies, International Movies",False
Game Over (Tamil Version),Movie,2019,,"Horror Movies, International Movies, Thrillers",False
Sacred Games,TV Show,2019,,"Crime TV Shows, International TV Shows, TV Dramas",True
Uyare,Movie,2019,,"Dramas, International Movies",False
90 ML,Movie,2019,,"Comedies, International Movies, Music & Musicals",False
Jaoon Kahan Bata Ae Dil,Movie,2018,,"Dramas, Independent Movies, International Movies",False
Badla,Movie,2019,,"International Movies, Thrillers",False
Uriyadi 2,Movie,2019,,"Dramas, International Movies",False
Manu,Movie,2018,,"Dramas, Independent Movies, International Movies",False
Typewriter,TV Show,2019,,"International TV Shows, TV Horror, TV Mysteries",False
Mauli,Movie,2018,,"Action & Adventure, Dramas, International Movies",False
Bogda,Movie,2018,,"Dramas, International Movies",False
Romeo Akbar Walter,Movie,2019,,"Dramas, International Movies, Thrillers",False
Super Deluxe,Movie,2019,,"Comedies, Dramas, International Movies",False
Unbroken,Movie,2019,,"Documentaries, International Movies",False
Rakkhosh,Movie,2019,,"Horror Movies, Independent Movies, International Movies",False
Luckee,Movie,2019,,"Comedies, International Movies, Romantic Movies",False
Pihu,Movie,2018,,"Dramas, Independent Movies, International Movies",False
Leila,TV Show,2019,,"British TV Shows, International TV Shows, TV Dramas",False
Luka Chuppi,Movie,2019,,"Comedies, International Movies, Romantic Movies",False
Stree,Movie,2018,,"Comedies, Horror Movies, Independent Movies",False
Krutant,Movie,2019,,"Dramas, International Movies",False
Chopsticks,Movie,2019,,"Comedies, Dramas, Independent Movies",False
Mere Pyare Prime Minister,Movie,2019,,"Dramas, International Movies",False
The Man Who Feels No Pain,Movie,2018,,"Action & Adventure, Comedies, International Movies",False
Jonaki,Movie,2018,,"Dramas, Independent Movies, International Movies",False
Hamid,Movie,2018,,"Dramas, Independent Movies, International Movies",False
Laatu,Movie,2018,,"Comedies, Dramas, International Movies",False
Sur Sapata,Movie,2019,,"Comedies, Dramas, International Movies",False
Teen Aur Aadha,Movie,2018,,"Dramas, Independent Movies, International Movies",False
Njan Prakashan,Movie,2018,,"Comedies, Dramas, International Movies",False
Music Teacher,Movie,2019,,"Dramas, Independent Movies, International Movies",False
Rainbow Jelly,Movie,2018,,"Dramas, International Movies, Sci-Fi & Fantasy",False
Sarvam Thaala Mayam (Telugu Version),Movie,2018,,"Dramas, International Movies, Music & Musicals",False
Petta,Movie,2019,,"Action & Adventure, Comedies, Dramas",False
Ek Ladki Ko Dekha Toh Aisa Laga,Movie,2019,,"Comedies, Dramas, International Movies",False
15 August,Movie,2019,,"Comedies, Dramas, Independent Movies",False
Sei,Movie,2018,,"Action & Adventure, Comedies, Dramas",False
Delhi Crime,TV Show,2019,,"Crime TV Shows, International TV Shows, TV Dramas",False
Imago,Movie,2018,,"Dramas, Independent Movies, International Movies",False
Bombairiya,Movie,2018,,"Comedies, Dramas, International Movies",False
Cricket Fever: Mumbai Indians,TV Show,2019,,"Docuseries, International TV Shows",False
Evening Shadows,Movie,2018,,"Dramas, Independent Movies, International Movies",False
Life of An Outcast,Movie,2018,,"Dramas, Independent Movies, International Movies",False
Firebrand,Movie,2019,,"Dramas, International Movies",False
Shonar Pahar,Movie,2018,,"Dramas, Independent Movies, International Movies",False
Genius,Movie,2018,,"Dramas, Independent Movies, International Movies",False
Awe,Movie,2018,,"Dramas, International Movies, Sci-Fi & Fantasy",False
Neevevaro,Movie,2018,,"Dramas, International Movies, Romantic Movies",False
Nathicharami,Movie,2018,,"Dramas, Independent Movies, International Movies",False
Soni,Movie,2018,,"Dramas, Independent Movies, International Movies",False
Adhugo,Movie,2018,,"Comedies, Independent Movies, International Movies",False
Echcharikkai,Movie,2018,,"International Movies, Thrillers",False
Baazaar,Movie,2018,,"Dramas, International Movies",False
Next Enti?,Movie,2018,,"Comedies, Dramas, International Movies",False
Merku Thodarchi Malai,Movie,2018,,"Dramas, Independent Movies, International Movies",False
Selection Day,TV Show,2018,,"International TV Shows, TV Dramas, Teen TV Shows",False
Ascharyachakit!,Movie,2018,,"Dramas, Independent Movies, International Movies",False
Lilli,Movie,2018,,"Dramas, Independent Movies, International Movies",False
Andhadhun,Movie,2018,,"Comedies, Dramas, International Movies",False
Vanjagar Ulagam,Movie,2018,,"Dramas, International Movies, Thrillers",False
Manto,Movie,2018,,"Dramas, Independent Movies, International Movies",False
Rajma Chawal,Movie,2018,,"Comedies, Dramas, International Movies",False
Aalorukkam,Movie,2018,,"Dramas, Independent Movies, International Movies",False
Halkaa,Movie,2018,,"Comedies, Dramas, Independent Movies",False
Odu Raja Odu,Movie,2018,,"Comedies, Independent Movies, International Movies",False
Savita Damodar Paranjpe,Movie,2018,,"Horror Movies, International Movies",False
Bucket List,Movie,2018,,"Dramas, International Movies",False
Asees,Movie,2018,,"Dramas, International Movies, Music & Musicals",False
W/O Ram,Movie,2018,,"Dramas, International Movies, Thrillers",False
Mr. Chandramouli,Movie,2018,,"Dramas, International Movies, Thrillers",False
Sanju,Movie,2018,,"Dramas, International Movies",False
Soorma,Movie,2018,,"Dramas, International Movies, Sports Movies",False
Khido Khundi,Movie,2018,,"Dramas, International Movies, Sports Movies",False
Garbage,Movie,2018,,"Dramas, Independent Movies, International Movies",False
​​Kuch Bheege Alfaaz,Movie,2018,,"Dramas, Independent Movies, International Movies",False
Once Again,Movie,2018,,"Dramas, Independent Movies, International Movies",False
GHOUL,TV Show,2018,,"International TV Shows, TV Dramas, TV Horror",False
Pad Man,Movie,2018,,"Dramas, International Movies, Romantic Movies",False
Bhavesh Joshi Superhero,Movie,2018,,"Dramas, International Movies, Sci-Fi & Fantasy",False
Brij Mohan Amar Rahe,Movie,2018,,"Comedies, Dramas, International Movies",False
Parmanu: The Story of Pokhran,Movie,2018,,"Dramas, International Movies",False
My Birthday Song,Movie,2018,,"Dramas, International Movies, Thrillers",False
Zoo,Movie,2018,,"Dramas, Independent Movies, International Movies",False
Lust Stories,Movie,2018,,"Comedies, Dramas, International Movies",False
Aiyaary,Movie,2018,,"Action & Adventure, Dramas, International Movies",False
Ladies First,Movie,2018,,"Documentaries, International Movies, Sports Movies",False
Love Per Square Foot,Movie,2018,,"Comedies, International Movies, Romantic Movies",False
706,Movie,2019,,"Horror Movies, International Movies",False
15-Aug,Movie,2019,,"Comedies, Dramas, Independent Movies",False
​Goli Soda 2,Movie,2018,,"Action & Adventure, Dramas, International Movies",False
21 Sarfarosh: Saragarhi 1897,TV Show,2018,,"International TV Shows, TV Dramas",False
7 (Seven),TV Show,2019,,TV Shows,False
Anjaan: Rural Myths,TV Show,2018,,"International TV Shows, TV Horror, TV Thrillers",False
Anjaan: Special Crimes Unit,TV Show,2018,,"International TV Shows, TV Horror, TV Mysteries",False
Beyond the Clouds,Movie,2018,,"Dramas, Independent Movies, International Movies",False
Chhota Bheem Kungfu Dhamaka,Movie,2019,,Children & Family Movies,False
Eeda,Movie,2018,,"Dramas, International Movies, Romantic Movies",False
Ethirmarai,Movie,2018,,"International Movies, Music & Musicals, Thrillers",False
Gabru: Hip Hop Revolution,TV Show,2018,,"International TV Shows, TV Dramas",False
Gemini,Movie,2018,,Dramas,False
Hope Aur Hum,Movie,2018,,"Children & Family Movies, Comedies, Dramas",False
Khan: No. 1 Crime Hunter,TV Show,2018,,"Crime TV Shows, International TV Shows, TV Comedies",False
Kia and Cosmos,Movie,2018,,"Dramas, Independent Movies, International Movies",False
Lupt,Movie,2018,,"Horror Movies, International Movies, Thrillers",False
Midnight Misadventures With Mallika Dua,TV Show,2018,,"International TV Shows, Stand-Up Comedy & Talk Shows, TV Comedies",False
Norm of the North: Keys to the Kingdom,Movie,2019,,Children & Family Movies,False
Norm of the North: King Sized Adventure,Movie,2019,,"Children & Family Movies, Comedies",False
Sudani from Nigeria,Movie,2018,,"Comedies, Dramas, International Movies",False
Super Bheem,TV Show,2019,,Kids' TV,False
Super Bheem Bana Vajraveer,Movie,2018,,Children & Family Movies,False
Thackeray,TV Show,2019,,TV Shows,False
The Calling,TV Show,2018,,"International TV Shows, Reality TV",False
The Dark Side of Life: Mumbai City,Movie,2018,,"Dramas, International Movies",False
Veerey Ki Wedding,Movie,2018,,"Comedies, Dramas, International Movies",False
Vodka Diaries,Movie,2018,,"Dramas, International Movies, Thrillers",False
Waterschool,Movie,2018,,Documentaries,False
Yeh Meri Family,TV Show,2018,,"International TV Shows, TV Comedies",False
Gully Boy,Movie,2019,8.0,Drama,False
Pathaan,Movie,2023,7.0,Action,False
Article 370,Movie,2024,8.2,Thriller,False
Laal Singh Chaddha,Movie,2022,5.5,Drama,False
War,Movie,2019,6.8,Action,False
Brahmastra,Movie,2022,5.6,Fantasy,False
KGF Chapter 2,Movie,2022,8.3,Action,False
RRR,Movie,2022,8.5,Action,False
Jawan,Movie,2023,7.2,Action,False
3 Idiots,Movie,2009,8.4,Comedy,True
Movie_2010_58,Movie,2010,7.6,Action,False
Movie_2010_280,Movie,2010,4.7,Drama,False
Movie_2010_259,Movie,2010,6.0,Action,False
Movie_2010_143,Movie,2010,4.4,Action,False
Movie_2010_173,Movie,2010,5.4,Drama,False
Movie_2010_136,Movie,2010,8.6,Action,False
Movie_2010_41,Movie,2010,7.4,Thriller,False
Movie_2010_24,Movie,2010,8.3,Romance,False
Movie_2010_195,Movie,2010,4.7,Thriller,False
Movie_2010_137,Movie,2010,4.4,Drama,False
Movie_2010_195,Movie,2010,8.1,Thriller,False
Movie_2010_29,Movie,2010,3.9,Romance,False
Movie_2010_291,Movie,2010,7.0,Fantasy,False
Movie_2010_74,Movie,2010,6.7,Thriller,False
Movie_2010_299,Movie,2010,4.0,Biopic,False
Movie_2011_25,Movie,2011,5.6,Drama,False
Movie_2011_240,Movie,2011,6.5,Thriller,False
Movie_2011_137,Movie,2011,3.5,Fantasy,False
Movie_2011_135,Movie,2011,6.3,Comedy,False
Movie_2011_102,Movie,2011,8.6,Comedy,False
Movie_2011_1,Movie,2011,8.3,Fantasy,False
Movie_2011_158,Movie,2011,6.2,Romance,False
Movie_2011_36,Movie,2011,8.3,Comedy,False
Movie_2011_217,Movie,2011,5.7,Romance,False
Movie_2011_192,Movie,2011,4.7,Musical,False
Movie_2011_174,Movie,2011,3.5,Action,False
Movie_2011_31,Movie,2011,4.8,Romance,False
Movie_2011_249,Movie,2011,6.1,Romance,False
Movie_2011_209,Movie,2011,5.8,Romance,False
Movie_2011_28,Movie,2011,4.1,Drama,False
Movie_2012_99,Movie,2012,5.0,Romance,False
Movie_2012_128,Movie,2012,9.0,Drama,False
Movie_2012_8,Movie,2012,6.1,Drama,False
Movie_2012_206,Movie,2012,5.0,Action,False
Movie_2012_233,Movie,2012,5.1,Thriller,False
Movie_2012_30,Movie,2012,6.1,Action,False
Movie_2012_272,Movie,2012,3.9,Comedy,False
Movie_2012_35,Movie,2012,3.7,Romance,False
Movie_2012_42,Movie,2012,4.9,Biopic,False
Movie_2012_161,Movie,2012,5.1,Romance,False
Movie_2012_162,Movie,2012,4.7,Drama,False
Movie_2012_136,Movie,2012,5.5,Comedy,False
Movie_2012_81,Movie,2012,8.9,Musical,False
Movie_2012_271,Movie,2012,4.1,Action,False
Movie_2012_69,Movie,2012,6.8,Thriller,False
Movie_2013_176,Movie,2013,8.5,Romance,False
Movie_2013_27,Movie,2013,5.3,Drama,False
Movie_2013_67,Movie,2013,4.1,Thriller,False
Movie_2013_77,Movie,2013,3.7,Action,False
Movie_2013_187,Movie,2013,7.2,Action,False
Movie_2013_182,Movie,2013,8.9,Biopic,False
Movie_2013_91,Movie,2013,5.8,Biopic,False
Movie_2013_128,Movie,2013,8.2,Thriller,False
Movie_2013_114,Movie,2013,7.9,Romance,False
Movie_2013_117,Movie,2013,8.3,Romance,False
Movie_2013_143,Movie,2013,8.1,Fantasy,False
Movie_2013_170,Movie,2013,8.9,Action,False
Movie_2013_20,Movie,2013,5.2,Drama,False
Movie_2013_262,Movie,2013,7.4,Drama,False
Movie_2013_1,Movie,2013,8.6,Romance,False
Movie_2014_161,Movie,2014,5.7,Drama,False
Movie_2014_207,Movie,2014,8.7,Thriller,False
Movie_2014_90,Movie,2014,4.7,Thriller,False
Movie_2014_297,Movie,2014,6.3,Fantasy,False
Movie_2014_87,Movie,2014,8.7,Drama,False
Movie_2014_121,Movie,2014,4.8,Thriller,False
Movie_2014_244,Movie,2014,5.6,Drama,False
Movie_2014_205,Movie,2014,4.7,Romance,False
Movie_2014_266,Movie,2014,4.2,Musical,False
Movie_2014_69,Movie,2014,8.4,Musical,False
Movie_2014_259,Movie,2014,7.6,Biopic,False
Movie_2014_244,Movie,2014,6.4,Musical,False
Movie_2014_123,Movie,2014,5.3,Thriller,False
Movie_2014_277,Movie,2014,4.3,Drama,False
Movie_2014_110,Movie,2014,5.8,Drama,False
Movie_2015_106,Movie,2015,7.7,Biopic,False
Movie_2015_195,Movie,2015,8.2,Musical,False
Movie_2015_215,Movie,2015,3.7,Romance,False
Movie_2015_173,Movie,2015,8.9,Biopic,False
Movie_2015_274,Movie,2015,5.9,Action,False
Movie_2015_237,Movie,2015,6.0,Comedy,False
Movie_2015_173,Movie,2015,6.1,Biopic,False
Movie_2015_277,Movie,2015,7.1,Action,False
Movie_2015_16,Movie,2015,6.1,Romance,False
Movie_2015_59,Movie,2015,6.8,Romance,False
Movie_2015_59,Movie,2015,6.7,Comedy,False
Movie_2015_193,Movie,2015,8.1,Biopic,False
Movie_2015_125,Movie,2015,6.6,Drama,False
Movie_2015_22,Movie,2015,7.1,Fantasy,False
Movie_2015_7,Movie,2015,5.5,Biopic,False
Movie_2016_236,Movie,2016,5.0,Comedy,False
Movie_2016_276,Movie,2016,4.9,Musical,False
Movie_2016_45,Movie,2016,6.6,Thriller,False
Movie_2016_195,Movie,2016,4.7,Fantasy,False
Movie_2016_133,Movie,2016,6.3,Fantasy,False
Movie_2016_98,Movie,2016,4.8,Drama,False
Movie_2016_244,Movie,2016,5.7,Musical,False
Movie_2016_125,Movie,2016,6.4,Thriller,False
Movie_2016_218,Movie,2016,4.8,Fantasy,False
Movie_2016_99,Movie,2016,7.6,Fantasy,False
Movie_2016_142,Movie,2016,4.5,Thriller,False
Movie_2016_8,Movie,2016,7.3,Comedy,False
Movie_2016_65,Movie,2016,5.9,Musical,False
Movie_2016_95,Movie,2016,5.7,Action,False
Movie_2016_38,Movie,2016,4.9,Action,False
Movie_2017_286,Movie,2017,5.6,Biopic,False
Movie_2017_227,Movie,2017,6.9,Thriller,False
Movie_2017_51,Movie,2017,4.4,Romance,False
Movie_2017_89,Movie,2017,6.8,Drama,False
Movie_2017_150,Movie,2017,6.0,Action,False
Movie_2017_120,Movie,2017,6.5,Thriller,False
Movie_2017_77,Movie,2017,7.9,Thriller,False
Movie_2017_292,Movie,2017,7.3,Thriller,False
Movie_2017_140,Movie,2017,7.5,Musical,False
Movie_2017_129,Movie,2017,7.2,Action,False
Movie_2017_138,Movie,2017,5.9,Action,False
Movie_2017_143,Movie,2017,6.1,Comedy,False
Movie_2017_210,Movie,2017,7.3,Fantasy,False
Movie_2017_148,Movie,2017,5.2,Biopic,False
Movie_2017_166,Movie,2017,3.5,Drama,False
Movie_2018_278,Movie,2018,6.9,Musical,False
Movie_2018_256,Movie,2018,4.2,Musical,False
Movie_2018_148,Movie,2018,7.0,Musical,False
Movie_2018_123,Movie,2018,4.0,Comedy,False
Movie_2018_59,Movie,2018,5.1,Musical,False
Movie_2018_140,Movie,2018,6.5,Biopic,False
Movie_2018_197,Movie,2018,4.3,Romance,False
Movie_2018_36,Movie,2018,6.3,Thriller,False
Movie_2018_2,Movie,2018,6.0,Thriller,False
Movie_2018_248,Movie,2018,8.6,Fantasy,False
Movie_2018_97,Movie,2018,5.8,Romance,False
Movie_2018_163,Movie,2018,7.9,Musical,False
Movie_2018_78,Movie,2018,5.3,Musical,False
Movie_2018_52,Movie,2018,4.3,Musical,False
Movie_2018_80,Movie,2018,5.7,Drama,False
Movie_2019_42,Movie,2019,6.9,Fantasy,False
Movie_2019_250,Movie,2019,8.6,Action,False
Movie_2019_117,Movie,2019,7.3,Drama,False
Movie_2019_15,Movie,2019,5.9,Action,False
Movie_2019_126,Movie,2019,6.9,Biopic,False
Movie_2019_196,Movie,2019,7.0,Romance,False
Movie_2019_236,Movie,2019,7.2,Thriller,False
Movie_2019_81,Movie,2019,5.8,Drama,False
Movie_2019_129,Movie,2019,8.2,Musical,False
Movie_2019_55,Movie,2019,9.0,Romance,False
Movie_2019_152,Movie,2019,8.3,Action,False
Movie_2019_26,Movie,2019,5.4,Musical,False
Movie_2019_98,Movie,2019,7.1,Thriller,False
Movie_2019_159,Movie,2019,4.0,Musical,False
Movie_2019_152,Movie,2019,7.8,Fantasy,False
Movie_2020_188,Movie,2020,8.7,Thriller,False
Movie_2020_152,Movie,2020,4.3,Fantasy,False
Movie_2020_116,Movie,2020,5.7,Biopic,False
Movie_2020_136,Movie,2020,8.0,Drama,False
Movie_2020_191,Movie,2020,8.4,Drama,False
Movie_2020_288,Movie,2020,7.0,Fantasy,False
Movie_2020_238,Movie,2020,8.7,Thriller,False
Movie_2020_156,Movie,2020,4.2,Musical,False
Movie_2020_233,Movie,2020,7.5,Fantasy,False
Movie_2020_213,Movie,2020,5.0,Drama,False
Movie_2020_190,Movie,2020,4.0,Romance,False
Movie_2020_189,Movie,2020,4.2,Fantasy,False
Movie_2020_233,Movie,2020,5.3,Drama,False
Movie_2020_65,Movie,2020,8.0,Romance,False
Movie_2020_120,Movie,2020,8.9,Fantasy,False
Movie_2021_67,Movie,2021,3.6,Thriller,False
Movie_2021_8,Movie,2021,5.0,Fantasy,False
Movie_2021_65,Movie,2021,7.8,Biopic,False
Movie_2021_263,Movie,2021,3.7,Drama,False
Movie_2021_267,Movie,2021,8.2,Thriller,False
Movie_2021_219,Movie,2021,5.3,Drama,False
Movie_2021_76,Movie,2021,5.6,Drama,False
Movie_2021_272,Movie,2021,7.4,Thriller,False
Movie_2021_283,Movie,2021,8.1,Romance,False
Movie_2021_205,Movie,2021,7.2,Biopic,False
Movie_2021_192,Movie,2021,4.0,Comedy,False
Movie_2021_222,Movie,2021,6.7,Drama,False
Movie_2021_288,Movie,2021,7.2,Fantasy,False
Movie_2021_217,Movie,2021,6.7,Action,False
Movie_2021_109,Movie,2021,5.4,Comedy,False
Movie_2022_285,Movie,2022,8.1,Fantasy,False
Movie_2022_286,Movie,2022,7.4,Action,False
Movie_2022_159,Movie,2022,6.6,Fantasy,False
Movie_2022_206,Movie,2022,4.7,Drama,False
Movie_2022_215,Movie,2022,5.3,Musical,False
Movie_2022_291,Movie,2022,6.9,Drama,False
Movie_2022_42,Movie,2022,5.8,Thriller,False
Movie_2022_111,Movie,2022,7.2,Drama,False
Movie_2022_250,Movie,2022,3.8,Thriller,False
Movie_2022_105,Movie,2022,4.2,Thriller,False
Movie_2022_255,Movie,2022,4.8,Biopic,False
Movie_2022_287,Movie,2022,6.0,Fantasy,False
Movie_2022_40,Movie,2022,5.8,Fantasy,False
Movie_2022_59,Movie,2022,6.9,Biopic,False
Movie_2022_186,Movie,2022,5.7,Drama,False
Movie_2023_41,Movie,2023,7.8,Biopic,False
Movie_2023_40,Movie,2023,5.4,Drama,False
Movie_2023_76,Movie,2023,6.8,Romance,False
Movie_2023_39,Movie,2023,7.7,Comedy,False
Movie_2023_230,Movie,2023,6.1,Fantasy,False
Movie_2023_156,Movie,2023,5.2,Thriller,False
Movie_2023_232,Movie,2023,8.3,Action,False
Movie_2023_47,Movie,2023,8.0,Biopic,False
Movie_2023_97,Movie,2023,3.8,Fantasy,False
Movie_2023_53,Movie,2023,3.7,Fantasy,False
Movie_2023_225,Movie,2023,8.5,Musical,False
Movie_2023_199,Movie,2023,7.1,Biopic,False
Movie_2023_34,Movie,2023,7.5,Fantasy,False
Movie_2023_77,Movie,2023,5.2,Fantasy,False
Movie_2023_201,Movie,2023,7.0,Comedy,False
Movie_2024_169,Movie,2024,5.8,Comedy,False
Movie_2024_186,Movie,2024,5.4,Action,False
Movie_2024_249,Movie,2024,8.1,Romance,False
Movie_2024_52,Movie,2024,4.3,Action,False
Movie_2024_93,Movie,2024,7.2,Comedy,False
Movie_2024_122,Movie,2024,4.8,Musical,False
Movie_2024_241,Movie,2024,5.0,Romance,False
Movie_2024_196,Movie,2024,3.8,Biopic,False
Movie_2024_247,Movie,2024,5.1,Fantasy,False
Movie_2024_83,Movie,2024,4.0,Thriller,False
Movie_2024_114,Movie,2024,5.7,Musical,False
Movie_2024_192,Movie,2024,5.3,Romance,False
Movie_2024_51,Movie,2024,8.5,Fantasy,False
Movie_2024_242,Movie,2024,8.5,Comedy,False
Movie_2024_10,Movie,2024,6.8,Thriller,False
Movie_2025_217,Movie,2025,3.8,Drama,False
Movie_2025_215,Movie,2025,3.6,Musical,False
Movie_2025_264,Movie,2025,6.9,Romance,False
Movie_2025_124,Movie,2025,3.9,Biopic,False
Movie_2025_270,Movie,2025,8.9,Action,False
Movie_2025_130,Movie,2025,7.1,Action,False
Movie_2025_54,Movie,2025,8.0,Fantasy,False
Movie_2025_90,Movie,2025,3.8,Musical,False
Movie_2025_235,Movie,2025,8.4,Action,False
Movie_2025_162,Movie,2025,3.7,Thriller,False
Movie_2025_98,Movie,2025,7.9,Thriller,False
Movie_2025_224,Movie,2025,4.5,Biopic,False
Movie_2025_255,Movie,2025,7.5,Fantasy,False
Movie_2025_41,Movie,2025,4.1,Biopic,False
Movie_2025_168,Movie,2025,5.9,Thriller,False
3 Idiots,Movie,2009,8.4,Drama,True
Dangal,Movie,2016,8.3,Sports,True
Bahubali,Movie,2015,8.0,Action,False
RRR,Movie,2022,8.2,Action,False
Sacred Games,TV Show,2018,8.5,Crime,True
Mirzapur,TV Show,2018,8.4,Crime,True
The Family Man,TV Show,2019,8.7,Thriller,True
KGF,Movie,2018,8.2,Action,False
Drishyam,Movie,2015,8.1,Thriller,False
Shershaah,Movie,2021,8.4,War,False
